id,name,resume
1,John Doe,"experienced in python, data analysis, and machine learning with a strong background in deep learning, data visualization, and big data technologies. Proficient in SQL and R, with experience in cloud computing platforms."
2,Jane Smith,"skilled in java, spring framework, and cloud technologies. Experienced in developing RESTful APIs, Docker, Kubernetes, and CI/CD pipelines. Familiar with agile methodologies and version control systems."
3,Bob Johnson,"proficient in agile methodologies, product development, and leadership. Experienced in market research, user stories, roadmap planning, and stakeholder management. Knowledgeable in UX/UI principles."
4,Alice Brown,"expert in user experience design, prototyping, and adobe suite. Skilled in wireframing, user research, interaction design, and usability testing. Proficient in HTML/CSS and responsive design."
5,Charlie Green,"knowledgeable in SQL, data cleaning, and data visualization. Experienced in Excel, Python, R, and statistical analysis. Skilled in business intelligence, reporting, and dashboard creation."
6,Emily White,"experienced in CI/CD, Docker, and Kubernetes. Skilled in cloud infrastructure, automation, scripting, monitoring, and security. Proficient in Linux and version control systems."
7,Michael Black,"skilled in SEO, content creation, and social media. Experienced in analytics, email marketing, branding, and campaign management. Knowledgeable in market research, PPC, and Google Analytics."
8,Sarah Blue,"experienced in recruitment, employee relations, and performance management. Skilled in HR policies, training and development, conflict resolution, payroll, and benefits administration. Knowledgeable in compliance and HRIS."
9,David Red,"experienced in lead generation, CRM, and negotiation. Skilled in communication, sales strategy, customer service, and market analysis. Proficient in B2B sales, presentation skills, and relationship building."
10,Linda Green,"Experienced in network configuration, troubleshooting, and security. Skilled in firewalls, VPN, LAN/WAN, and Cisco technologies. Proficient in network monitoring, wireless networks, and disaster recovery. Worked at XYZ Corp for 5 years as a Network Administrator. Holds a Bachelor's degree in Computer Science from ABC University."
11,James Brown,"Expert in data science, machine learning, and artificial intelligence. Skilled in Python, R, and SQL. Experienced in big data technologies and cloud computing. Worked at DataTech for 3 years as a Data Scientist. Holds a Master's degree in Data Science from DEF University."
12,Patricia Johnson,"Proficient in software engineering, Java, and Spring framework. Experienced in developing RESTful APIs, Docker, Kubernetes, and CI/CD pipelines. Worked at SoftSolutions for 4 years as a Software Engineer. Holds a Bachelor's degree in Software Engineering from GHI University."
13,Robert Williams,"Experienced in product management, agile methodologies, and leadership. Skilled in market research, user stories, and roadmap planning. Worked at InnovateCorp for 6 years as a Product Manager. Holds an MBA from JKL University."
14,Jennifer Jones,"Expert in user experience design, prototyping, and Adobe Suite. Skilled in wireframing, user research, and interaction design. Worked at DesignStudio for 5 years as a UX Designer. Holds a Bachelor's degree in Graphic Design from MNO University."
15,Michael Miller,"Knowledgeable in data analysis, SQL, and data visualization. Experienced in Excel, Python, and R. Worked at AnalyticsPro for 3 years as a Data Analyst. Holds a Bachelor's degree in Statistics from PQR University."
16,Elizabeth Davis,"Experienced in DevOps, CI/CD, and cloud infrastructure. Skilled in Docker, Kubernetes, and automation. Worked at CloudNet for 4 years as a DevOps Engineer. Holds a Bachelor's degree in Information Technology from STU University."
17,David Wilson,"Skilled in digital marketing, SEO, and content creation. Experienced in social media, email marketing, and branding. Worked at MarketMasters for 5 years as a Marketing Specialist. Holds a Bachelor's degree in Marketing from VWX University."
18,Barbara Martinez,"Experienced in human resources, recruitment, and employee relations. Skilled in HR policies, training and development, and conflict resolution. Worked at PeopleFirst for 6 years as an HR Manager. Holds a Bachelor's degree in Human Resources from YZA University."
19,Richard Anderson,"Experienced in sales, lead generation, and CRM. Skilled in negotiation, communication, and sales strategy. Worked at SalesForce for 4 years as a Sales Executive. Holds a Bachelor's degree in Business Administration from BCD University."
20,Joseph Thomas,"Experienced in network administration, troubleshooting, and security. Skilled in firewalls, VPN, LAN/WAN, and Cisco technologies. Worked at NetSecure for 5 years as a Network Administrator. Holds a Bachelor's degree in Network Engineering from EFG University."
21,Charles Jackson,"Expert in data science, machine learning, and artificial intelligence. Skilled in Python, R, and SQL. Worked at DataMinds for 3 years as a Data Scientist. Holds a Master's degree in Data Science from HIJ University."
22,Mary White,"Proficient in software engineering, Java, and Spring framework. Experienced in developing RESTful APIs, Docker, Kubernetes, and CI/CD pipelines. Worked at CodeCraft for 4 years as a Software Engineer. Holds a Bachelor's degree in Software Engineering from KLM University."
23,Christopher Harris,"Experienced in product management, agile methodologies, and leadership. Skilled in market research, user stories, and roadmap planning. Worked at ProductPros for 6 years as a Product Manager. Holds an MBA from NOP University."
24,Daniel Clark,"Expert in user experience design, prototyping, and Adobe Suite. Skilled in wireframing, user research, and interaction design. Worked at CreativeDesign for 5 years as a UX Designer. Holds a Bachelor's degree in Graphic Design from QRS University."
25,Matthew Lewis,"Knowledgeable in data analysis, SQL, and data visualization. Experienced in Excel, Python, and R. Worked at DataInsights for 3 years as a Data Analyst. Holds a Bachelor's degree in Statistics from TUV University."
26,Anthony Robinson,"Experienced in DevOps, CI/CD, and cloud infrastructure. Skilled in Docker, Kubernetes, and automation. Worked at CloudOps for 4 years as a DevOps Engineer. Holds a Bachelor's degree in Information Technology from WXY University."
27,Mark Walker,"Skilled in digital marketing, SEO, and content creation. Experienced in social media, email marketing, and branding. Worked at DigitalWave for 5 years as a Marketing Specialist. Holds a Bachelor's degree in Marketing from ZAB University."
28,Donald Hall,"Experienced in human resources, recruitment, and employee relations. Skilled in HR policies, training and development, and conflict resolution. Worked at HRExperts for 6 years as an HR Manager. Holds a Bachelor's degree in Human Resources from CDE University."
29,Steven Allen,"Experienced in sales, lead generation, and CRM. Skilled in negotiation, communication, and sales strategy. Worked at SalesGurus for 4 years as a Sales Executive. Holds a Bachelor's degree in Business Administration from FGH University."
30,Paul Young,"Experienced in network administration, troubleshooting, and security. Skilled in firewalls, VPN, LAN/WAN, and Cisco technologies. Worked at SecureNet for 5 years as a Network Administrator. Holds a Bachelor's degree in Network Engineering from IJK University."
31,Andrew King,"Expert in data science, machine learning, and artificial intelligence. Skilled in Python, R, and SQL. Worked at DataGenius for 3 years as a Data Scientist. Holds a Master's degree in Data Science from LMN University."
32,Joshua Wright,"Proficient in software engineering, Java, and Spring framework. Experienced in developing RESTful APIs, Docker, Kubernetes, and CI/CD pipelines. Worked at CodeMasters for 4 years as a Software Engineer. Holds a Bachelor's degree in Software Engineering from OPQ University."
33,Kevin Lopez,"Experienced in product management, agile methodologies, and leadership. Skilled in market research, user stories, and roadmap planning. Worked at ProductInnovators for 6 years as a Product Manager. Holds an MBA from RST University."
34,Brian Hill,"Expert in user experience design, prototyping, and Adobe Suite. Skilled in wireframing, user research, and interaction design. Worked at DesignExperts for 5 years as a UX Designer. Holds a Bachelor's degree in Graphic Design from UVW University."
35,Edward Scott,"Knowledgeable in data analysis, SQL, and data visualization. Experienced in Excel, Python, and R. Worked at DataAnalytics for 3 years as a Data Analyst. Holds a Bachelor's degree in Statistics from XYZ University."
36,Ronald Green,"Experienced in DevOps, CI/CD, and cloud infrastructure. Skilled in Docker, Kubernetes, and automation. Worked at CloudTech for 4 years as a DevOps Engineer. Holds a Bachelor's degree in Information Technology from ABC University."
37,Timothy Adams,"Skilled in digital marketing, SEO, and content creation. Experienced in social media, email marketing, and branding. Worked at MarketLeaders for 5 years as a Marketing Specialist. Holds a Bachelor's degree in Marketing from DEF University."
38,Jason Baker,"Experienced in human resources, recruitment, and employee relations. Skilled in HR policies, training and development, and conflict resolution. Worked at HRPros for 6 years as an HR Manager. Holds a Bachelor's degree in Human Resources from GHI University."
39,Jeffrey Gonzalez,"Experienced in sales, lead generation, and CRM. Skilled in negotiation, communication, and sales strategy. Worked at SalesExperts for 4 years as a Sales Executive. Holds a Bachelor's degree in Business Administration from JKL University."
40,Ryan Nelson,"Experienced in network administration, troubleshooting, and security. Skilled in firewalls, VPN, LAN/WAN, and Cisco technologies. Worked at NetSecure for 5 years as a Network Administrator. Holds a Bachelor's degree in Network Engineering from MNO University."
41,Gary Carter,"Expert in data science, machine learning, and artificial intelligence. Skilled in Python, R, and SQL. Worked at DataMasters for 3 years as a Data Scientist. Holds a Master's degree in Data Science from PQR University."
42,Nicholas Mitchell,"Proficient in software engineering, Java, and Spring framework. Experienced in developing RESTful APIs, Docker, Kubernetes, and CI/CD pipelines. Worked at CodeExperts for 4 years as a Software Engineer. Holds a Bachelor's degree in Software Engineering from STU University."
43,Eric Perez,"Experienced in product management, agile methodologies, and leadership. Skilled in market research, user stories, and roadmap planning. Worked at ProductLeaders for 6 years as a Product Manager. Holds an MBA from VWX University."
44,Stephen Roberts,"Expert in user experience design, prototyping, and Adobe Suite. Skilled in wireframing, user research, and interaction design. Worked at DesignMasters for 5 years as a UX Designer. Holds a Bachelor's degree in Graphic Design from YZA University."
45,Frank Turner,"Knowledgeable in data analysis, SQL, and data visualization. Experienced in Excel, Python, and R. Worked at DataPros for 3 years as a Data Analyst. Holds a Bachelor's degree in Statistics from BCD University."
46,Scott Phillips,"Experienced in DevOps, CI/CD, and cloud infrastructure. Skilled in Docker, Kubernetes, and automation. Worked at CloudExperts for 4 years as a DevOps Engineer. Holds a Bachelor's degree in Information Technology from EFG University."
47,Brandon Campbell,"Skilled in digital marketing, SEO, and content creation. Experienced in social media, email marketing, and branding. Worked at MarketPros for 5 years as a Marketing Specialist. Holds a Bachelor's degree in Marketing from HIJ University."
48,Samuel Parker,"Experienced in human resources, recruitment, and employee relations. Skilled in HR policies, training and development, and conflict resolution. Worked at HRMasters for 6 years as an HR Manager. Holds a Bachelor's degree in Human Resources from KLM University."
49,Gregory Evans,"Experienced in sales, lead generation, and CRM. Skilled in negotiation, communication, and sales strategy. Worked at SalesMasters for 4 years as a Sales Executive. Holds a Bachelor's degree in Business Administration from NOP University."
50,Raymond Edwards,"Experienced in network administration, troubleshooting, and security. Skilled in firewalls, VPN, LAN/WAN, and Cisco technologies. Worked at NetMasters for 5 years as a Network Administrator. Holds a Bachelor's degree in Network Engineering from QRS University."
51,Patrick Collins,"Expert in data science, machine learning, and artificial intelligence. Skilled in Python, R, and SQL. Worked at DataExperts for 3 years as a Data Scientist. Holds a Master's degree in Data Science from TUV University."
52,Jack Stewart,"Proficient in software engineering, Java, and Spring framework. Experienced in developing RESTful APIs, Docker, Kubernetes, and CI/CD pipelines. Worked at CodeLeaders for 4 years as a Software Engineer. Holds a Bachelor's degree in Software Engineering from WXY University."
53,Alexander Sanchez,"Experienced in product management, agile methodologies, and leadership. Skilled in market research, user stories, and roadmap planning. Worked at ProductMasters for 6 years as a Product Manager. Holds an MBA from ZAB University."
54,Benjamin Morris,"Expert in user experience design, prototyping, and Adobe Suite. Skilled in wireframing, user research, and interaction design. Worked at DesignLeaders for 5 years as a UX Designer. Holds a Bachelor's degree in Graphic Design from CDE University."
55,Justin Rogers,"Knowledgeable in data analysis, SQL, and data visualization. Experienced in Excel, Python, and R. Worked at DataLeaders for 3 years as a Data Analyst. Holds a Bachelor's degree in Statistics from FGH University."
56,Christian Reed,"Experienced in DevOps, CI/CD, and cloud infrastructure. Skilled in Docker, Kubernetes, and automation. Worked at CloudLeaders for 4 years as a DevOps Engineer. Holds a Bachelor's degree in Information Technology from IJK University."
57,Larry Cook,"Skilled in digital marketing, SEO, and content creation. Experienced in social media, email marketing, and branding. Worked at MarketMasters for 5 years as a Marketing Specialist. Holds a Bachelor's degree in Marketing from LMN University."
58,Jonathan Morgan,"Experienced in human resources, recruitment, and employee relations. Skilled in HR policies, training and development, and conflict resolution. Worked at HRLeaders for 6 years as an HR Manager. Holds a Bachelor's degree in Human Resources from OPQ University."
59,Justin Bell,"Experienced in sales, lead generation, and CRM. Skilled in negotiation, communication, and sales strategy. Worked at SalesLeaders for 4 years as a Sales Executive. Holds a Bachelor's degree in Business Administration from RST University."
60,Brandon Murphy,"Experienced in network administration, troubleshooting, and security. Skilled in firewalls, VPN, LAN/WAN, and Cisco technologies. Worked at NetLeaders for 5 years as a Network Administrator. Holds a Bachelor's degree in Network Engineering from UVW University."
61,Adam Bailey,"Expert in data science, machine learning, and artificial intelligence. Skilled in Python, R, and SQL. Worked at DataLeaders for 3 years as a Data Scientist. Holds a Master's degree in Data Science from XYZ University."
62,Keith Rivera,"Proficient in software engineering, Java, and Spring framework. Experienced in developing RESTful APIs, Docker, Kubernetes, and CI/CD pipelines. Worked at CodeMasters for 4 years as a Software Engineer. Holds a Bachelor's degree in Software Engineering from ABC University."
63,Albert Cooper,"Experienced in product management, agile methodologies, and leadership. Skilled in market research, user stories, and roadmap planning. Worked at ProductMasters for 6 years as a Product Manager. Holds an MBA from DEF University."
64,Lawrence Richardson,"Expert in user experience design, prototyping, and Adobe Suite. Skilled in wireframing, user research, and interaction design. Worked at DesignMasters for 5 years as a UX Designer. Holds a Bachelor's degree in Graphic Design from GHI University."
65,Gerald Cox,"Knowledgeable in data analysis, SQL, and data visualization. Experienced in Excel, Python, and R. Worked at DataMasters for 3 years as a Data Analyst. Holds a Bachelor's degree in Statistics from JKL University."
66,Willie Howard,"Experienced in DevOps, CI/CD, and cloud infrastructure. Skilled in Docker, Kubernetes, and automation. Worked at CloudMasters for 4 years as a DevOps Engineer. Holds a Bachelor's degree in Information Technology from MNO University."
67,Sean Ward,"Skilled in digital marketing, SEO, and content creation. Experienced in social media, email marketing, and branding. Worked at MarketMasters for 5 years as a Marketing Specialist. Holds a Bachelor's degree in Marketing from PQR University."
68,Clarence Torres,"Experienced in human resources, recruitment, and employee relations. Skilled in HR policies, training and development, and conflict resolution. Worked at HRMasters for 6 years as an HR Manager. Holds a Bachelor's degree in Human Resources from STU University."
69,Philip Peterson,"Experienced in sales, lead generation, and CRM. Skilled in negotiation, communication, and sales strategy. Worked at SalesMasters for 4 years as a Sales Executive. Holds a Bachelor's degree in Business Administration from VWX University."
70,Chris Gray,"Experienced in network administration, troubleshooting, and security. Skilled in firewalls, VPN, LAN/WAN, and Cisco technologies. Worked at NetMasters for 5 years as a Network Administrator. Holds a Bachelor's degree in Network Engineering from YZA University."
71,Johnny Ramirez,"Expert in data science, machine learning, and artificial intelligence. Skilled in Python, R, and SQL. Worked at DataMasters for 3 years as a Data Scientist. Holds a Master's degree in Data Science from BCD University."
72,Stanley James,"Proficient in software engineering, Java, and Spring framework. Experienced in developing RESTful APIs, Docker, Kubernetes, and CI/CD pipelines. Worked at CodeMasters for 4 years as a Software Engineer. Holds a Bachelor's degree in Software Engineering from EFG University."
73,Philip Watson,"Experienced in product management, agile methodologies, and leadership. Skilled in market research, user stories, and roadmap planning. Worked at ProductMasters for 6 years as a Product Manager. Holds an MBA from HIJ University."
74,Martin Brooks,"Expert in user experience design, prototyping, and Adobe Suite. Skilled in wireframing, user research, and interaction design. Worked at DesignMasters for 5 years as a UX Designer. Holds a Bachelor's degree in Graphic Design from KLM University."
75,Ernest Kelly,"Knowledgeable in data analysis, SQL, and data visualization. Experienced in Excel, Python, and R. Worked at DataMasters for 3 years as a Data Analyst. Holds a Bachelor's degree in Statistics from NOP University."
76,Craig Sanders,"Experienced in DevOps, CI/CD, and cloud infrastructure. Skilled in Docker, Kubernetes, and automation. Worked at CloudMasters for 4 years as a DevOps Engineer. Holds a Bachelor's degree in Information Technology from QRS University."
77,Alan Price,"Skilled in digital marketing, SEO, and content creation. Experienced in social media, email marketing, and branding. Worked at MarketMasters for 5 years as a Marketing Specialist. Holds a Bachelor's degree in Marketing from TUV University."
78,Shawn Bennett,"Experienced in human resources, recruitment, and employee relations. Skilled in HR policies, training and development, and conflict resolution. Worked at HRMasters for 6 years as an HR Manager. Holds a Bachelor's degree in Human Resources from WXY University."
79,Clarence Wood,"Experienced in sales, lead generation, and CRM. Skilled in negotiation, communication, and sales strategy. Worked at SalesMasters for 4 years as a Sales Executive. Holds a Bachelor's degree in Business Administration from ZAB University."
80,Philip Barnes,"Experienced in network administration, troubleshooting, and security. Skilled in firewalls, VPN, LAN/WAN, and Cisco technologies. Worked at NetMasters for 5 years as a Network Administrator. Holds a Bachelor's degree in Network Engineering from CDE University."
81,Ernest Ross,"Expert in data science, machine learning, and artificial intelligence. Skilled in Python, R, and SQL. Worked at DataMasters for 3 years as a Data Scientist. Holds a Master's degree in Data Science from FGH University."
82,Melvin Henderson,"Proficient in software engineering, Java, and Spring framework. Experienced in developing RESTful APIs, Docker, Kubernetes, and CI/CD pipelines. Worked at CodeMasters for 4 years as a Software Engineer. Holds a Bachelor's degree in Software Engineering from IJK University."
83,Alfred Coleman,"Experienced in product management, agile methodologies, and leadership. Skilled in market research, user stories, and roadmap planning. Worked at ProductMasters for 6 years as a Product Manager. Holds an MBA from LMN University."
84,Rachel Chen,"Experienced software engineer with 6 years of full-stack development. Expert in Python, JavaScript, and React. Strong background in microservices architecture and cloud platforms (AWS, GCP). Worked at TechCorp as Senior Software Engineer leading backend development. Holds a Master's degree in Computer Science from MIT."
85,Marcus Thompson,"Full-stack software engineer with 4 years experience building scalable web applications. Proficient in Java, Spring Boot, Angular, and PostgreSQL. Skilled in test-driven development and CI/CD practices. Previously Software Engineer at WebScale Inc. Bachelor's in Computer Engineering from Stanford."
86,Diana Patel,"Software engineer specializing in distributed systems with 5 years experience. Expert in Go, Kubernetes, and cloud-native development. Strong background in system design and performance optimization. Led engineering teams at CloudSys Technologies. Master's in Software Engineering from UC Berkeley."
87,Adrian Rodriguez,"Backend software engineer with 7 years experience building high-performance systems. Deep expertise in Java, Spring Framework, and microservices. Skilled in database design and optimization. Senior Software Engineer at ScaleTech Solutions. Bachelor's in Computer Science from Georgia Tech."
88,Michelle Zhang,"Full-stack developer with 4 years experience in modern web technologies. Proficient in TypeScript, React, Node.js, and MongoDB. Strong focus on clean code and software architecture. Software Engineer at WebFront Systems. Master's in Software Development from University of Washington."
89,Sarah Kim,"Machine learning engineer with 5 years experience in deep learning and NLP. Expert in PyTorch, TensorFlow, and scikit-learn. Led development of production ML models at AITech Corp. Experienced in MLOps and model deployment. Master's in Machine Learning from Carnegie Mellon University."
90,James Wilson,"Senior machine learning engineer specializing in computer vision with 6 years experience. Deep expertise in CNN architectures, object detection, and image segmentation. Strong background in Python, CUDA, and distributed training. Previously ML Lead at Vision AI. PhD in Computer Science from Stanford."
91,Elena Popov,"Machine learning engineer focused on recommendation systems with 4 years experience. Skilled in building and deploying large-scale ML models. Expert in Python, Spark MLlib, and AWS SageMaker. ML Engineer at RecommendAI. Master's in Data Science from UC Berkeley."
92,David Chang,"Applied machine learning engineer with 5 years experience in production ML systems. Expertise in model optimization, A/B testing, and ML pipelines. Strong skills in Python, MLflow, and Kubernetes. Senior ML Engineer at ML Systems Inc. Master's in Computer Science from University of Illinois."
93,Priya Sharma,"Machine learning engineer specializing in reinforcement learning with 3 years experience. Expert in PyTorch, Ray, and distributed RL algorithms. Experience deploying ML models at scale. ML Research Engineer at AI Solutions. PhD in Machine Learning from Georgia Tech."
94,Michael Foster,"Technical Product Manager with 7 years experience leading cross-functional teams. Strong background in agile methodologies, product roadmap development, and stakeholder management. Deep technical expertise in cloud platforms, APIs, and software development lifecycle. Previously Senior TPM at CloudScale Inc managing enterprise SaaS products. Holds an MS in Computer Science from UCLA and MBA from Berkeley."
95,Victoria Nguyen,"Experienced Technical Product Manager with 6 years leading B2B software products. Expert in translating technical requirements, sprint planning, and product analytics. Strong engineering background with hands-on experience in Python and SQL. Led development of machine learning products at TechSolutions as TPM. Bachelor's in Computer Engineering from Georgia Tech and Product Management certification from Stanford."
96,Thomas Anderson,"Data scientist with 8 years experience in predictive modeling and statistical analysis. Expert in Python, R, and advanced machine learning techniques including deep learning and natural language processing. Strong background in A/B testing and experimental design. Led data science initiatives at DataCorp delivering $2M in business value. Previously Senior Data Scientist at Analytics Inc. PhD in Statistics from Stanford University with research focus on neural networks."
97,Julia Martinez,"Data scientist specializing in time series analysis and forecasting with 5 years experience. Deep expertise in statistical modeling, feature engineering, and model deployment. Proficient in Python, SQL, Spark, and cloud platforms (AWS, Azure). Successfully developed demand forecasting models at ForecastTech improving accuracy by 35%. Master's in Data Science from Columbia University with focus on time series methods."
